<Books>
 <Book Name="book 1 - lol" ID="0">
  <Chapter Name="cats" ID="0"/>
  <Chapter Name="dogs" ID="1"/>
  <Chapter Name="mice" ID="2"/>
  <Chapter Name="fish" ID="3"/>
  <Chapter Name=" My Chapter 4" ID="4"/>
  <Chapter Name=" My Chapter 5" ID="5"/>
  <Chapter Name=" My Chapter 6" ID="6"/>
  <Chapter Name=" My Chapter 7" ID="7"/>
  <Chapter Name=" My Chapter 8" ID="8"/>
  <Chapter Name=" My Chapter 9" ID="9"/>
 </Book>
 <Book Name=" My Book 1" ID="1">
  <Chapter Name=" My Chapter 0" ID="0"/>
  <Chapter Name=" My Chapter 1" ID="1"/>
  <Chapter Name=" My Chapter 2" ID="2"/>
  <Chapter Name=" My Chapter 3" ID="3"/>
  <Chapter Name=" My Chapter 4" ID="4"/>
  <Chapter Name=" My Chapter 5" ID="5"/>
  <Chapter Name=" My Chapter 6" ID="6"/>
  <Chapter Name=" My Chapter 7" ID="7"/>
  <Chapter Name=" My Chapter 8" ID="8"/>
  <Chapter Name=" My Chapter 9" ID="9"/>
 </Book>
 <Book Name=" My Book 2" ID="2">
  <Chapter Name=" My Chapter 0" ID="0"/>
  <Chapter Name=" My Chapter 1" ID="1"/>
  <Chapter Name=" My Chapter 2" ID="2"/>
  <Chapter Name=" My Chapter 3" ID="3"/>
  <Chapter Name=" My Chapter 4" ID="4"/>
  <Chapter Name=" My Chapter 5" ID="5"/>
  <Chapter Name=" My Chapter 6" ID="6"/>
  <Chapter Name=" My Chapter 7" ID="7"/>
  <Chapter Name=" My Chapter 8" ID="8"/>
  <Chapter Name=" My Chapter 9" ID="9"/>
 </Book>
 <Book Name=" My Book 3" ID="3">
  <Chapter Name=" My Chapter 0" ID="0"/>
  <Chapter Name=" My Chapter 1" ID="1"/>
  <Chapter Name=" My Chapter 2" ID="2"/>
  <Chapter Name=" My Chapter 3" ID="3"/>
  <Chapter Name=" My Chapter 4" ID="4"/>
  <Chapter Name=" My Chapter 5" ID="5"/>
  <Chapter Name=" My Chapter 6" ID="6"/>
  <Chapter Name=" My Chapter 7" ID="7"/>
  <Chapter Name=" My Chapter 8" ID="8"/>
  <Chapter Name=" My Chapter 9" ID="9"/>
 </Book>
 <Book Name=" My Book 4" ID="4">
  <Chapter Name=" My Chapter 0" ID="0"/>
  <Chapter Name=" My Chapter 1" ID="1"/>
  <Chapter Name=" My Chapter 2" ID="2"/>
  <Chapter Name=" My Chapter 3" ID="3"/>
  <Chapter Name=" My Chapter 4" ID="4"/>
  <Chapter Name=" My Chapter 5" ID="5"/>
  <Chapter Name=" My Chapter 6" ID="6"/>
  <Chapter Name=" My Chapter 7" ID="7"/>
  <Chapter Name=" My Chapter 8" ID="8"/>
  <Chapter Name=" My Chapter 9" ID="9"/>
 </Book>
 <Book Name=" My Book 5" ID="5">
  <Chapter Name=" My Chapter 0" ID="0"/>
  <Chapter Name=" My Chapter 1" ID="1"/>
  <Chapter Name=" My Chapter 2" ID="2"/>
  <Chapter Name=" My Chapter 3" ID="3"/>
  <Chapter Name=" My Chapter 4" ID="4"/>
  <Chapter Name=" My Chapter 5" ID="5"/>
  <Chapter Name=" My Chapter 6" ID="6"/>
  <Chapter Name=" My Chapter 7" ID="7"/>
  <Chapter Name=" My Chapter 8" ID="8"/>
  <Chapter Name=" My Chapter 9" ID="9"/>
 </Book>
 <Book Name=" My Book 6" ID="6">
  <Chapter Name=" My Chapter 0" ID="0"/>
  <Chapter Name=" My Chapter 1" ID="1"/>
  <Chapter Name=" My Chapter 2" ID="2"/>
  <Chapter Name=" My Chapter 3" ID="3"/>
  <Chapter Name=" My Chapter 4" ID="4"/>
  <Chapter Name=" My Chapter 5" ID="5"/>
  <Chapter Name=" My Chapter 6" ID="6"/>
  <Chapter Name=" My Chapter 7" ID="7"/>
  <Chapter Name=" My Chapter 8" ID="8"/>
  <Chapter Name=" My Chapter 9" ID="9"/>
 </Book>
 <Book Name=" My Book 7" ID="7">
  <Chapter Name=" My Chapter 0" ID="0"/>
  <Chapter Name=" My Chapter 1" ID="1"/>
  <Chapter Name=" My Chapter 2" ID="2"/>
  <Chapter Name=" My Chapter 3" ID="3"/>
  <Chapter Name=" My Chapter 4" ID="4"/>
  <Chapter Name=" My Chapter 5" ID="5"/>
  <Chapter Name=" My Chapter 6" ID="6"/>
  <Chapter Name=" My Chapter 7" ID="7"/>
  <Chapter Name=" My Chapter 8" ID="8"/>
  <Chapter Name=" My Chapter 9" ID="9"/>
 </Book>
 <Book Name=" My Book 8" ID="8">
  <Chapter Name=" My Chapter 0" ID="0"/>
  <Chapter Name=" My Chapter 1" ID="1"/>
  <Chapter Name=" My Chapter 2" ID="2"/>
  <Chapter Name=" My Chapter 3" ID="3"/>
  <Chapter Name=" My Chapter 4" ID="4"/>
  <Chapter Name=" My Chapter 5" ID="5"/>
  <Chapter Name=" My Chapter 6" ID="6"/>
  <Chapter Name=" My Chapter 7" ID="7"/>
  <Chapter Name=" My Chapter 8" ID="8"/>
  <Chapter Name=" My Chapter 9" ID="9"/>
 </Book>
 <Book Name=" My Book 9" ID="9">
  <Chapter Name=" My Chapter 0" ID="0"/>
  <Chapter Name=" My Chapter 1" ID="1"/>
  <Chapter Name=" My Chapter 2" ID="2"/>
  <Chapter Name=" My Chapter 3" ID="3"/>
  <Chapter Name=" My Chapter 4" ID="4"/>
  <Chapter Name=" My Chapter 5" ID="5"/>
  <Chapter Name=" My Chapter 6" ID="6"/>
  <Chapter Name=" My Chapter 7" ID="7"/>
  <Chapter Name=" My Chapter 8" ID="8"/>
  <Chapter Name=" My Chapter 9" ID="9"/>
 </Book>
</Books>
